Constituency,Const. No.,Leading Candidate,Leading Party,Trailing Candidate,Trailing Party,Margin,Round,Status
ALANDUR,28,M.HARISH,Tamilaga Vettri Kazhagam,T.M.ANBARASAN,Dravida Munnetra Kazhagam,18967,13/31,Result in Progress
ALANGUDI,182,SIVA.V.MEYYANATHAN,Dravida Munnetra Kazhagam,DHANA VIMAL,All India Anna Dravida Munnetra Kazhagam,4796,10/20,Result in Progress
ALANGULAM,223,PAUL MANOJ PANDIAN,Dravida Munnetra Kazhagam,K R P PRABAKARAN,All India Anna Dravida Munnetra Kazhagam,4300,19/24,Result in Progress
AMBASAMUDRAM,225,DR.ESAKKI SUBAYA,All India Anna Dravida Munnetra Kazhagam,V.P.DURAI,Indian National Congress,10245,23/23,Result in Progress
AMBATTUR,8,BALAMURUGAN.G,Tamilaga Vettri Kazhagam,DR A.P. POORNIMA,Dravida Munnetra Kazhagam,40258,17/27,Result in Progress
AMBUR,48,IMTHIYAZ PANDARATTUDU ABDU,Tamilaga Vettri Kazhagam,VILWANATHAN. A.C.,Dravida Munnetra Kazhagam,275,12/22,Result in Progress
ANAIKATTU,44,D.VELAZHAGAN,All India Anna Dravida Munnetra Kazhagam,A.P.NANDAKUMAR,Dravida Munnetra Kazhagam,6049,13/22,Result in Progress
ANDIPATTI,198,MAHARAJAN.A,Dravida Munnetra Kazhagam,LOGIRAJAN.A,All India Anna Dravida Munnetra Kazhagam,2398,16/25,Result in Progress
ANNA NAGAR,21,V.K.RAMKUMAR,Tamilaga Vettri Kazhagam,N.CHITRARASU,Dravida Munnetra Kazhagam,21363,20/20,Result Declared
ANTHIYUR,105,HARIBASKAR.P,All India Anna Dravida Munnetra Kazhagam,SIVABALAN.M,Dravida Munnetra Kazhagam,1363,20/20,Result in Progress
ARAKKONAM,38,V. GANDHIRAJ,Tamilaga Vettri Kazhagam,EZHIL CAROLINE,Viduthalai Chiruthaigal Katchi,22758,20/22,Result in Progress
ARANI,67,JAYASUDHA. L,All India Anna Dravida Munnetra Kazhagam,VENKATESH KUMAR. D,Tamilaga Vettri Kazhagam,3291,20/24,Result in Progress
ARANTHANGI,183,MOHAMED FARVAS. J,Tamilaga Vettri Kazhagam,RAMACHANDRAN . T,Indian National Congress,12301,17/22,Result in Progress
ARAVAKURICHI,134,ELANGO. R,Dravida Munnetra Kazhagam,KARTHIKEYAN. P,Tamilaga Vettri Kazhagam,18500,18/20,Result in Progress
ARCOT,42,S.M.SUKUMAR,All India Anna Dravida Munnetra Kazhagam,G.VIJAY MOHAN,Tamilaga Vettri Kazhagam,16312,12/23,Result in Progress
ARIYALUR,149,RAJENDRAN S,All India Anna Dravida Munnetra Kazhagam,LATHA BALU,Dravida Munnetra Kazhagam,17842,21/24,Result in Progress
ARUPPUKKOTTAI,207,KARTHIK KUMAR. K,Tamilaga Vettri Kazhagam,RAMACHANDRAN. K.K.S.S.R,Dravida Munnetra Kazhagam,3083,13/20,Result in Progress
ATHOOR,129,I. PERIASAMY,Dravida Munnetra Kazhagam,N. KALAISELVI,Tamilaga Vettri Kazhagam,18038,16/25,Result in Progress
ATTUR,82,JAYASANKARAN. A.P.,All India Anna Dravida Munnetra Kazhagam,SELVABHARATHI. R.,Tamilaga Vettri Kazhagam,12052,19/22,Result in Progress
AVADI,6,R.RAMESH KUMAR,Tamilaga Vettri Kazhagam,S.M.NASAR,Dravida Munnetra Kazhagam,41308,15/26,Result in Progress
AVANASHI,112,KAMALI.S,Tamilaga Vettri Kazhagam,DR. L. MURUGAN,Bharatiya Janata Party,8929,20/27,Result in Progress
BARGUR,52,E. MURALIDHARAN,Tamilaga Vettri Kazhagam,E.C. GOVINDARASAN,All India Anna Dravida Munnetra Kazhagam,954,15/24,Result in Progress
BHAVANI,104,KARUPPANAN. K.C,All India Anna Dravida Munnetra Kazhagam,BALAKRISHNAN,Tamilaga Vettri Kazhagam,9095,12/22,Result in Progress
BHAVANISAGAR,107,V.P.TAMILSELVI,Tamilaga Vettri Kazhagam,A.BANNARI,All India Anna Dravida Munnetra Kazhagam,205,18/24,Result in Progress
BHUVANAGIRI,157,ARUNMOZHITHEVAN . A,All India Anna Dravida Munnetra Kazhagam,SARAVANAN. DURAI . K,Dravida Munnetra Kazhagam,6142,14/22,Result in Progress
BODINAYAKANUR,200,PANNEERSELVAM.O,Dravida Munnetra Kazhagam,PRAKASH.S,Tamilaga Vettri Kazhagam,4213,15/25,Result in Progress
CHENGALPATTU,32,S. THIYAGARAJAN,Tamilaga Vettri Kazhagam,KARTHIKDHANDAPANI,Dravida Munnetra Kazhagam,15383,13/36,Result in Progress
CHENGAM,62,S.VELU,All India Anna Dravida Munnetra Kazhagam,K BHARATHIDHASAN,Tamilaga Vettri Kazhagam,6585,12/25,Result in Progress
CHEPAUK-THIRUVALLIKENI,19,UDHAYANIDHI STALIN,Dravida Munnetra Kazhagam,SELVAM. D,Tamilaga Vettri Kazhagam,6118,12/17,Result in Progress
CHEYYAR,68,MUKKUR N. SUBRAMANIAN,All India Anna Dravida Munnetra Kazhagam,DUSI K MOHAN,Tamilaga Vettri Kazhagam,21081,24/24,Result in Progress
CHEYYUR,34,RAJASEKAR. E,All India Anna Dravida Munnetra Kazhagam,MOHAN RAJA.M.G.K,Tamilaga Vettri Kazhagam,3784,19/21,Result in Progress
CHIDAMBARAM,158,THAMIMUN ANSARI. M,Dravida Munnetra Kazhagam,PANDIAN. K.A,All India Anna Dravida Munnetra Kazhagam,4757,15/22,Result in Progress
COIMBATORE (NORTH),118,V. SAMPATHKUMAR,Tamilaga Vettri Kazhagam,DURAI. SENTHAMIL SELVAN B.E,Dravida Munnetra Kazhagam,9884,11/25,Result in Progress
COIMBATORE (SOUTH),120,V SENTHILBALAJI,Dravida Munnetra Kazhagam,V. SENTHILKUMAR,Tamilaga Vettri Kazhagam,1198,11/20,Result in Progress
COLACHAL,231,THARAHAI CUTHBERT,Indian National Congress,PREM ALEX LAWRENCE,Tamilaga Vettri Kazhagam,6403,12/23,Result in Progress
COONOOR,110,M. RAJU,Dravida Munnetra Kazhagam,A. RAMU,All India Anna Dravida Munnetra Kazhagam,8099,18/18,Result Declared
CUDDALORE,155,B.RAJKUMAR,Tamilaga Vettri Kazhagam,A.S.CHANDARASEKARAN,Indian National Congress,10137,14/19,Result in Progress
CUMBUM,201,JEGANATHMISHRA PLA,Tamilaga Vettri Kazhagam,ERAMAKRISHNAN N,Dravida Munnetra Kazhagam,2637,12/25,Result in Progress
DHARAPURAM,101,SATHYABAMA.P,All India Anna Dravida Munnetra Kazhagam,INDIRANI.T,Dravida Munnetra Kazhagam,14301,21/23,Result in Progress
DHARMAPURI,59,SOWMIYA ANBUMANI,Pattali Makkal Katchi,SIVAN. M.,Tamilaga Vettri Kazhagam,16090,20/23,Result in Progress
DINDIGUL,132,SENTHILKUMAR. I.P,Dravida Munnetra Kazhagam,NAZEER RAJA. G,Tamilaga Vettri Kazhagam,1471,20/24,Result in Progress
DR.RADHAKRISHNAN NAGAR,11,N. MARIE WILSON,Tamilaga Vettri Kazhagam,J. JOHN EBENEZER,Dravida Munnetra Kazhagam,21650,9/18,Result in Progress
EDAPPADI,86,EDAPPADI PALANISWAMI. K,All India Anna Dravida Munnetra Kazhagam,PREMKUMAR. K,Independent,86286,22/25,Result in Progress
EGMORE,16,RAJMOHAN,Tamilaga Vettri Kazhagam,TAMILAN PRASANNA,Dravida Munnetra Kazhagam,13084,13/15,Result in Progress
ERODE (EAST),98,M.VIJAY BALAJI,Tamilaga Vettri Kazhagam,GOPINATH PALANIYAPPAN,Indian National Congress,22362,17/19,Result in Progress
ERODE (WEST),99,ANANTH MOGHAN K.K.,Tamilaga Vettri Kazhagam,S. MUTHUSAMY,Dravida Munnetra Kazhagam,19123,15/24,Result in Progress
GANDHARVAKOTTAI,178,N. SUBRAMANIAN,Tamilaga Vettri Kazhagam,C. UTHAYAKUMAR,Bharatiya Janata Party,6344,10/18,Result in Progress
GANGAVALLI,81,NALLATHAMBI. A,All India Anna Dravida Munnetra Kazhagam,CHINNADURAI. K,Dravida Munnetra Kazhagam,14359,15/20,Result in Progress
GINGEE,70,GANESHKUMAR A,Pattali Makkal Katchi,GINGEE MASTHAN K S,Dravida Munnetra Kazhagam,6363,9/23,Result in Progress
GOBICHETTIPALAYAM,106,SENGOTTAIYAN.K.A,Tamilaga Vettri Kazhagam,NALLASIVAM.N,Dravida Munnetra Kazhagam,16494,21/23,Result in Progress
GUDALUR,109,DHRAVIDAMANI.M,Dravida Munnetra Kazhagam,PON.JAYASEELAN,All India Anna Dravida Munnetra Kazhagam,22833,18/18,Result Declared
GUDIYATTAM,46,K.SINDU,Tamilaga Vettri Kazhagam,K.B.PRADAP,Desiya Murpokku Dravida Kazhagam,1682,16/23,Result in Progress
GUMMIDIPOONDI,1,S.VIJAYAKUMAR,Tamilaga Vettri Kazhagam,SUDHAKAR.V,All India Anna Dravida Munnetra Kazhagam,19483,16/25,Result in Progress
HARBOUR,18,P K SEKARBABU,Dravida Munnetra Kazhagam,SINORA P S ASHOK,Tamilaga Vettri Kazhagam,10318,11/14,Result in Progress
HARUR,61,SAMPATHKUMAR. V,All India Anna Dravida Munnetra Kazhagam,SHANMUGAM. A,Dravida Munnetra Kazhagam,4400,21/23,Result in Progress
HOSUR,55,BALAKRISHNAREDDY. P,All India Anna Dravida Munnetra Kazhagam,SATHYA.S.A.,Dravida Munnetra Kazhagam,24278,17/34,Result in Progress
JAYANKONDAM,150,VAITHILINGAM G.,Pattali Makkal Katchi,KANNAN KA.SO.KA.,Dravida Munnetra Kazhagam,10939,17/23,Result in Progress
JOLARPET,49,VEERAMANI K.C.,All India Anna Dravida Munnetra Kazhagam,MUNISAMY C,Tamilaga Vettri Kazhagam,14827,17/21,Result in Progress
KADAYANALLUR,221,C. KRISHNAMURALI,All India Anna Dravida Munnetra Kazhagam,RAJENDRAN. T. M,Dravida Munnetra Kazhagam,232,15/26,Result in Progress
KALASAPAKKAM,65,AGRI KRISHNAMURTHY. S S,All India Anna Dravida Munnetra Kazhagam,SARAVANAN. P.S.T,Dravida Munnetra Kazhagam,14908,13/22,Result in Progress
KALLAKURICHI,80,ARUL VIGNESH C,Tamilaga Vettri Kazhagam,MALATHI K,Viduthalai Chiruthaigal Katchi,2185,16/27,Result in Progress
KANCHEEPURAM,37,R.V. RANJITHKUMAR,Tamilaga Vettri Kazhagam,V. SOMASUNDARAM,All India Anna Dravida Munnetra Kazhagam,6289,14/26,Result in Progress
KANGAYAM,102,NSN NATARAJ,All India Anna Dravida Munnetra Kazhagam,MANI GOUNDER,Tamilaga Vettri Kazhagam,5199,15/23,Result in Progress
KANNIYAKUMARI,229,THALAVAI SUNDARAM. N,All India Anna Dravida Munnetra Kazhagam,MAHESH.R,Dravida Munnetra Kazhagam,5180,15/26,Result in Progress
KARAIKUDI,184,DR.PRABHU. TK,Tamilaga Vettri Kazhagam,MANGUDI. S,Indian National Congress,24684,14/28,Result in Progress
KARUR,135,M.R. VIJAYABHASKAR,All India Anna Dravida Munnetra Kazhagam,AASEE.M. THIAGARAJAN,Dravida Munnetra Kazhagam,5280,12/21,Result in Progress
KATPADI,40,V. RAMU,All India Anna Dravida Munnetra Kazhagam,DR M SUDHAKAR,Tamilaga Vettri Kazhagam,141,11/20,Result in Progress
KATTUMANNARKOIL,159,L.E. JOTHIMANI,Viduthalai Chiruthaigal Katchi,A. SOZHAN,Pattali Makkal Katchi,17932,13/21,Result in Progress
KAVUNDAMPALAYAM,117,KANIMOZHI SANTHOSH,Tamilaga Vettri Kazhagam,ARUNKUMAR PRG,All India Anna Dravida Munnetra Kazhagam,41243,25/28,Result in Progress
KILLIYOOR,234,RAJESH KUMAR. S,Indian National Congress,SABIN. S,Tamilaga Vettri Kazhagam,910,15/22,Result in Progress
KILPENNATHUR,64,RAMACHANDRAN.S,All India Anna Dravida Munnetra Kazhagam,PITCHANDI.K,Dravida Munnetra Kazhagam,28382,18/22,Result in Progress
KILVAITHINANKUPPAM,45,THENRAL KUMAR. E,Tamilaga Vettri Kazhagam,DR. RAJESWARI. R,Dravida Munnetra Kazhagam,9794,9/19,Result in Progress
KILVELUR,164,LATHA. T,Communist Party of India (Marxist),SENTHIL PANDIAN. P,Tamilaga Vettri Kazhagam,663,11/16,Result in Progress
KINATHUKADAVU,122,VIGNESH K,Tamilaga Vettri Kazhagam,SABARI KARTHIKEYAN K.V.K.S,Dravida Munnetra Kazhagam,13039,26/28,Result in Progress
KOLATHUR,13,V. S. BABU,Tamilaga Vettri Kazhagam,M. K. STALIN,Dravida Munnetra Kazhagam,7731,17/22,Result in Progress
KOVILPATTI,218,KARUNANITHI.K,Dravida Munnetra Kazhagam,BALASUBRAMANIAN.S,Tamilaga Vettri Kazhagam,4605,15/23,Result in Progress
KRISHNAGIRI,53,MUKUNDHAN.P,Tamilaga Vettri Kazhagam,ASHOKKUMAR.K,All India Anna Dravida Munnetra Kazhagam,19141,21/25,Result in Progress
KRISHNARAYAPURAM,136,SATHYA. M,Tamilaga Vettri Kazhagam,DR. DHIVYA. S,All India Anna Dravida Munnetra Kazhagam,2946,13/20,Result in Progress
KULITHALAI,137,G.BALASUBRAMANI,Tamilaga Vettri Kazhagam,SURIYANUR. A. CHANDRAN,Dravida Munnetra Kazhagam,2207,15/21,Result in Progress
KUMARAPALAYAM,97,C.VIJAYALAKSHMI,Tamilaga Vettri Kazhagam,P.THANGAMANI,All India Anna Dravida Munnetra Kazhagam,3029,14/24,Result in Progress
KUMBAKONAM,171,ANBALAGAN G,Dravida Munnetra Kazhagam,VINOTH,Tamilaga Vettri Kazhagam,86,19/22,Result in Progress
KUNNAM,148,SIVASANKAR. S.S,Dravida Munnetra Kazhagam,SARANYA. A,All India Anna Dravida Munnetra Kazhagam,15601,18/25,Result in Progress
KURINJIPADI,156,M.R.K.PANNEERSELVAM,Dravida Munnetra Kazhagam,A BHUVANENTHIRAN,All India Anna Dravida Munnetra Kazhagam,3474,16/20,Result in Progress
LALGUDI,143,LEEMAROSE MARTIN,All India Anna Dravida Munnetra Kazhagam,KU PA KRISHNAN,Tamilaga Vettri Kazhagam,1181,15/20,Result in Progress
MADATHUKULAM,126,R JAYARAMAKRISHNAN,Dravida Munnetra Kazhagam,C SHANMUGAVELU,Amma Makkal Munnettra Kazagam,5807,13/21,Result in Progress
MADAVARAM,9,M.L.VIJAYPRABHU,Tamilaga Vettri Kazhagam,S.SUDHARSANAM,Dravida Munnetra Kazhagam,91600,18/19,Result in Progress
MADURAI CENTRAL,193,MADHAR BADHURUDEEN,Tamilaga Vettri Kazhagam,PALANIVEL THIAGA RAJAN,Dravida Munnetra Kazhagam,15374,12/19,Result in Progress
MADURAI EAST,189,KARTHIKEYAN S,Tamilaga Vettri Kazhagam,MOORTHY P,Dravida Munnetra Kazhagam,9621,21/29,Result in Progress
MADURAI NORTH,191,A.KALLANAI,Tamilaga Vettri Kazhagam,G.THALAPATHI,Dravida Munnetra Kazhagam,14739,14/19,Result in Progress
MADURAI SOUTH,192,M.M.GOPISON,Tamilaga Vettri Kazhagam,M.BOOMINATHAN,Dravida Munnetra Kazhagam,21529,17/17,Result in Progress
MADURAI WEST,194,THANGAPANDI SR,Tamilaga Vettri Kazhagam,BALAJI R,Dravida Munnetra Kazhagam,7147,19/24,Result in Progress
MADURANTAKAM,35,MARAGATHAM KUMARAVEL.K,All India Anna Dravida Munnetra Kazhagam,EZHIL KATHARINE EZHILMALAI,Tamilaga Vettri Kazhagam,5157,16/21,Result in Progress
MADURAVOYAL,7,RHEVANTH CHARAN,Tamilaga Vettri Kazhagam,GANAPATHY. K,Dravida Munnetra Kazhagam,31121,11/25,Result in Progress
MAILAM,71,SHANMUGAM C VE,All India Anna Dravida Munnetra Kazhagam,VIJAY NIRANJAN A,Tamilaga Vettri Kazhagam,26593,16/20,Result in Progress
MANACHANALLUR,144,KATHIRAVAN. S,Dravida Munnetra Kazhagam,V.SARAVANAN,Tamilaga Vettri Kazhagam,10155,19/22,Result in Progress
MANAMADURAI,187,ELANGOVAN.D,Tamilaga Vettri Kazhagam,TAMILARASI.A,Dravida Munnetra Kazhagam,4247,11/27,Result in Progress
MANAPPARAI,138,R. KATHIRAVAN,Tamilaga Vettri Kazhagam,DR. PL. VIJAYAKUMAR,All India Anna Dravida Munnetra Kazhagam,369,21/25,Result in Progress
MANNARGUDI,167,KAMARAJ. S,Amma Makkal Munnettra Kazagam,RAJAA.T.R.B,Dravida Munnetra Kazhagam,1198,17/22,Result in Progress
MAYILADUTHURAI,161,JAMAL MOHAMED YOUNOOS. Y.N,Indian National Congress,PALANISAMY. A  M.COM.,Pattali Makkal Katchi,8440,15/22,Result in Progress
MELUR,188,P.VISWANATHAN,Indian National Congress,A.MADURAIVEERAN,Tamilaga Vettri Kazhagam,2724,21/21,Result Declared
METTUPPALAYAM,111,SUNILANAND,Tamilaga Vettri Kazhagam,SMT.KAVITHA KALYANASUNDARAM,Dravida Munnetra Kazhagam,1597,16/26,Result in Progress
METTUR,85,MIDHUN CHAKRAVARTHY. M,Dravida Munnetra Kazhagam,VENKATACHALAM. G,All India Anna Dravida Munnetra Kazhagam,32,13/24,Result in Progress
MODAKKURICHI,100,D.SHANMUGAN,Tamilaga Vettri Kazhagam,S.KIRTHIKA,Bharatiya Janata Party,3226,17/21,Result in Progress
MUDHUKULATHUR,212,R.S.RAJAKANNAPPAN,Dravida Munnetra Kazhagam,MALARVIZHI. B,Tamilaga Vettri Kazhagam,11994,21/30,Result in Progress
MUSIRI,145,M.VIGNESH,Tamilaga Vettri Kazhagam,N.S.KARUNAIRAAJA,Dravida Munnetra Kazhagam,17883,19/21,Result in Progress
MYLAPORE,25,VENKATARAMANAN. P,Tamilaga Vettri Kazhagam,VELU. DHA,Dravida Munnetra Kazhagam,26853,18/20,Result in Progress
NAGAPATTINAM,163,M.H.JAWAHIRULLAH,Dravida Munnetra Kazhagam,M.SUGUMAR,Tamilaga Vettri Kazhagam,11123,10/18,Result in Progress
NAGERCOIL,230,AUSTIN,Dravida Munnetra Kazhagam,BERVIN KINGS G,Tamilaga Vettri Kazhagam,3260,19/23,Result in Progress
NAMAKKAL,94,DILIP C S,Tamilaga Vettri Kazhagam,SRIDEVI MOHAN P S,All India Anna Dravida Munnetra Kazhagam,446,10/23,Result in Progress
NANGUNERI,227,REDDIARPATTI V. NARAYANAN,Tamilaga Vettri Kazhagam,RUBY.R.MANOHARAN,Indian National Congress,16419,25/25,Result in Progress
NANNILAM,169,KAMARAJ. R,All India Anna Dravida Munnetra Kazhagam,MOHAMED MUBARAK,Dravida Munnetra Kazhagam,30870,19/25,Result in Progress
NATHAM,131,NATHAM VISWANATHAN R,All India Anna Dravida Munnetra Kazhagam,SELVAKUMAR K,Dravida Munnetra Kazhagam,10382,17/26,Result in Progress
NEYVELI,153,RAJENDRAN.R,All India Anna Dravida Munnetra Kazhagam,SABA.RAJENDRAN,Dravida Munnetra Kazhagam,11002,16/19,Result in Progress
NILAKKOTTAI,130,AYYANAR.R,Tamilaga Vettri Kazhagam,NAGAJOTHI.S,Dravida Munnetra Kazhagam,16,13/23,Result in Progress
ODDANCHATRAM,128,SAKKARAPANI. R,Dravida Munnetra Kazhagam,VIDIYAL S. SEKAR,Bharatiya Janata Party,31339,17/24,Result in Progress
OMALUR,84,MANI. R,All India Anna Dravida Munnetra Kazhagam,ADHIYAMAAN. R.V,Tamilaga Vettri Kazhagam,10754,18/26,Result in Progress
ORATHANADU,175,R. VAITHILINGAM,Dravida Munnetra Kazhagam,DR. K. ARVIND,Tamilaga Vettri Kazhagam,31686,21/24,Result in Progress
OTTAPIDARAM,217,P .MATHANRAJA,Tamilaga Vettri Kazhagam,P.M.RAMAJEYAM,Dravida Munnetra Kazhagam,22678,17/23,Result in Progress
PADMANABHAPURAM,232,CHELLASWAMY. R,Communist Party of India (Marxist),KRISHNA KUMAR. S,Tamilaga Vettri Kazhagam,12036,16/23,Result in Progress
PALACODU,57,ANBALAGAN. K.P.,All India Anna Dravida Munnetra Kazhagam,GOPI. R.,Tamilaga Vettri Kazhagam,31091,19/23,Result in Progress
PALANI,127,RAVIMANOHARAN. K,All India Anna Dravida Munnetra Kazhagam,DR. PRAVEEN KUMAR. M,Tamilaga Vettri Kazhagam,2987,18/25,Result in Progress
PALAYAMKOTTAI,226,M.ABDUL WAHAB,Dravida Munnetra Kazhagam,MARIA JOHN,Tamilaga Vettri Kazhagam,9359,20/22,Result in Progress
PALLADAM,115,K.RAMKUMAR,Tamilaga Vettri Kazhagam,K.P.PARAMASIVAM,All India Anna Dravida Munnetra Kazhagam,34719,24/35,Result in Progress
PALLAVARAM,30,J.KAMATCHI,Tamilaga Vettri Kazhagam,D.MURUGESAN,Desiya Murpokku Dravida Kazhagam,29315,18/34,Result in Progress
PANRUTI,154,MOHAN. K,All India Anna Dravida Munnetra Kazhagam,ABDUR RAHMAN. A.R,Viduthalai Chiruthaigal Katchi,10318,20/23,Result in Progress
PAPANASAM,172,A.M. SHAHJAHAN,Indian Union Muslim League,AZARUDEEN UDUMAN ALI,Tamilaga Vettri Kazhagam,5554,11/23,Result in Progress
PAPPIREDDIPATTI,60,MARAGATHAM VETRIVEL,All India Anna Dravida Munnetra Kazhagam,PALANIAPPAN. P,Dravida Munnetra Kazhagam,35402,20/23,Result in Progress
PARAMAKUDI,209,ADVOCATE. KATHIRAVAN. K.K,Dravida Munnetra Kazhagam,GOPIRAJAN. G,Tamilaga Vettri Kazhagam,1132,21/24,Result in Progress
PARAMATHI-VELUR,95,MOORTHIY K S,Dravida Munnetra Kazhagam,SEKAR S,All India Anna Dravida Munnetra Kazhagam,1542,11/20,Result in Progress
PATTUKKOTTAI,176,ANNADURAI K,Dravida Munnetra Kazhagam,MATHAN C,Tamilaga Vettri Kazhagam,5130,13/23,Result in Progress
PENNAGARAM,58,GAJENDRAN. S.,Tamilaga Vettri Kazhagam,SELVAM. V.,Pattali Makkal Katchi,1576,15/23,Result in Progress
PERAMBALUR,147,SIVAKUMAR. K,Tamilaga Vettri Kazhagam,DR. JAYALAKSHMI. S.T,Dravida Munnetra Kazhagam,9859,21/28,Result in Progress
PERAMBUR,12,C. JOSEPH VIJAY,Tamilaga Vettri Kazhagam,R.D. SHEKAR,Dravida Munnetra Kazhagam,25723,11/22,Result in Progress
PERAVURANI,177,GOVI.ELANGO,All India Anna Dravida Munnetra Kazhagam,ASHOKKUMAR. N,Dravida Munnetra Kazhagam,546,6/21,Result in Progress
PERIYAKULAM,199,SABARI IYNGARAN G.,Tamilaga Vettri Kazhagam,SAKTHIVEL P.,Viduthalai Chiruthaigal Katchi,3844,15/26,Result in Progress
PERUNDURAI,103,JAYAKUMAR. S,All India Anna Dravida Munnetra Kazhagam,THOPPU VENKATACHALAM (ALIAS) N.D. VENKATACHALAM,Dravida Munnetra Kazhagam,6709,16/21,Result in Progress
POLLACHI,123,K. NITHYANANDHAN,Dravida Munnetra Kazhagam,POLLACHI V. JAYARAMAN,All India Anna Dravida Munnetra Kazhagam,2609,18/20,Result in Progress
POLUR,66,ABISHEK. R,Tamilaga Vettri Kazhagam,SARAVANAN. P,Desiya Murpokku Dravida Kazhagam,1431,8/22,Result in Progress
PONNERI,2,DR.RAVI.M.S,Tamilaga Vettri Kazhagam,DURAI CHANDRASEKAR,Indian National Congress,38889,17/24,Result in Progress
POOMPUHAR,162,NIVEDHA M MURUGAN,Dravida Munnetra Kazhagam,PAVUNRAJ. S,All India Anna Dravida Munnetra Kazhagam,5021,15/25,Result in Progress
POONAMALLEE,5,PRAKASAM.R,Tamilaga Vettri Kazhagam,KRISHNASWAMY.A,Dravida Munnetra Kazhagam,58192,17/23,Result in Progress
PUDUKKOTTAI,180,V. MUTHURAJA,Dravida Munnetra Kazhagam,K.M. SHARIFF,Tamilaga Vettri Kazhagam,2266,13/22,Result in Progress
RADHAPURAM,228,DR.SATHISH CHRISTOPHER,Tamilaga Vettri Kazhagam,APPAVU.M,Dravida Munnetra Kazhagam,12216,24/26,Result in Progress
RAJAPALAYAM,202,JEGADESHWARI. K,Tamilaga Vettri Kazhagam,THANGAPANDIAN. S,Dravida Munnetra Kazhagam,10912,17/20,Result in Progress
RAMANATHAPURAM,211,KATHARBATCHA MUTHURAMALINGAM,Dravida Munnetra Kazhagam,SHAHUL HAMEED,Tamilaga Vettri Kazhagam,14803,26/29,Result in Progress
RANIPET,41,R. GANDHI,Dravida Munnetra Kazhagam,THAHIRA,Tamilaga Vettri Kazhagam,1569,14/22,Result in Progress
RASIPURAM,92,LOGESH TAMILSELVAN D,Tamilaga Vettri Kazhagam,MATHIVENTHAN M DR,Dravida Munnetra Kazhagam,15193,16/21,Result in Progress
RISHIVANDIYAM,78,KARTHIKEYAN K,Dravida Munnetra Kazhagam,ASHOK KUMAR G,Tamilaga Vettri Kazhagam,3101,11/25,Result in Progress
ROYAPURAM,17,K.V. VIJAY DAMU,Tamilaga Vettri Kazhagam,DR. A. SUBAIR KHAN,Dravida Munnetra Kazhagam,14227,13/14,Result in Progress
SAIDAPET,23,ARUL PRAKASAM. M,Tamilaga Vettri Kazhagam,SUBRAMANIAN. MA,Dravida Munnetra Kazhagam,20749,14/21,Result in Progress
SALEM (NORTH),89,SIVAKUMAR. K,Tamilaga Vettri Kazhagam,RAJENDRAN. R,Dravida Munnetra Kazhagam,6821,14/21,Result in Progress
SALEM (SOUTH),90,VIJAY TAMILAN PARTHIBAN. A,Tamilaga Vettri Kazhagam,LOGANATHAN. M,Dravida Munnetra Kazhagam,29324,16/20,Result in Progress
SALEM (WEST),88,LAKSHMANAN.S,Tamilaga Vettri Kazhagam,KARTHE.M,Pattali Makkal Katchi,41826,13/23,Result in Progress
SANKARANKOVIL,219,DR. DHILIPAN JAISHANKAR,All India Anna Dravida Munnetra Kazhagam,C. RAMARAJAN,Tamilaga Vettri Kazhagam,3318,15/23,Result in Progress
SANKARAPURAM,79,UDHAYASURIYAN T,Dravida Munnetra Kazhagam,RAKESH R,All India Anna Dravida Munnetra Kazhagam,2254,10/25,Result in Progress
SANKARI,87,VETRIVEL. S,All India Anna Dravida Munnetra Kazhagam,SENTHILKUMAR. K,Tamilaga Vettri Kazhagam,4578,18/25,Result in Progress
SATTUR,204,NAINAR NAGENTHRAN,Bharatiya Janata Party,KADARKARAIRAJ. A,Dravida Munnetra Kazhagam,563,7/21,Result in Progress
SENTHAMANGALAM,93,C CHANDRASEKARAN,All India Anna Dravida Munnetra Kazhagam,P CHANDRASEKAR,Tamilaga Vettri Kazhagam,458,19/22,Result in Progress
SHOLAVANDAN,190,KARUPPAIAH.M.V,Tamilaga Vettri Kazhagam,VENKATESAN.A,Dravida Munnetra Kazhagam,628,10/19,Result in Progress
SHOLINGUR,39,G.KAPIL,Tamilaga Vettri Kazhagam,K.SARAVANAN,Pattali Makkal Katchi,437,10/25,Result in Progress
SHOZHINGANALLUR,27,ECR P SARAVANAN,Tamilaga Vettri Kazhagam,S. ARAVIND RAMESH,Dravida Munnetra Kazhagam,35149,12/30,Result in Progress
SINGANALLUR,121,K.S.SRI GIRI PRASATH,Tamilaga Vettri Kazhagam,K.R.JAYARAM,All India Anna Dravida Munnetra Kazhagam,14442,15/26,Result in Progress
SIRKAZHI,160,SENTHILSELVAN.R,Dravida Munnetra Kazhagam,GOPINATH.S,Tamilaga Vettri Kazhagam,7449,15/22,Result in Progress
SIVAGANGA,186,KULANTHAI RANI A,Tamilaga Vettri Kazhagam,SENTHILNATHAN PR,All India Anna Dravida Munnetra Kazhagam,8547,15/29,Result in Progress
SIVAKASI,205,KEERTHANA S,Tamilaga Vettri Kazhagam,RAJENTHRABHALAJI K T,All India Anna Dravida Munnetra Kazhagam,2334,8/21,Result in Progress
SRIPERUMBUDUR,29,THENNARASU.K,Tamilaga Vettri Kazhagam,K. SELVAPERUNTHAGAI,Indian National Congress,28623,17/32,Result in Progress
SRIRANGAM,139,RAMESH,Tamilaga Vettri Kazhagam,R.MANOHARAN,All India Anna Dravida Munnetra Kazhagam,16885,13/27,Result in Progress
SRIVAIKUNTAM,216,SHANMUGANATHAN. S. P,All India Anna Dravida Munnetra Kazhagam,SARAVANAN. G,Tamilaga Vettri Kazhagam,136,20/21,Result in Progress
SRIVILLIPUTHUR,203,MAHALINGAM.P,Communist Party of India,KARTHIK.A,Tamilaga Vettri Kazhagam,2260,12/22,Result in Progress
SULUR,116,NM.SUKUMAR,Tamilaga Vettri Kazhagam,THALAPATHY MURUGESAN,Dravida Munnetra Kazhagam,9889,18/28,Result in Progress
TAMBARAM,31,D.SARATHKUMAR,Tamilaga Vettri Kazhagam,R.S.KIRUTHIKA DEVI,Dravida Munnetra Kazhagam,22484,24/34,Result in Progress
TENKASI,222,DR.KALAI KATHIRAVAN,Dravida Munnetra Kazhagam,S.SELVA MOHANDAS PANDIAN,All India Anna Dravida Munnetra Kazhagam,5709,15/26,Result in Progress
THALLI,56,RAMACHANDRAN. T,Communist Party of India,DR.NAGESH KUMAR. C,Bharatiya Janata Party,477,14/24,Result in Progress
THANJAVUR,174,R. VIJAYSARAVANAN,Tamilaga Vettri Kazhagam,SHAN. RAMANATHAN,Dravida Munnetra Kazhagam,16955,24/24,Result Declared
THIRU-VI-KA-NAGAR,15,M. R. PALLAVI,Tamilaga Vettri Kazhagam,K. S. RAVICHANDRAN,Dravida Munnetra Kazhagam,22333,17/17,Result in Progress
THIRUMANGALAM,196,MANIMARAN.M,Dravida Munnetra Kazhagam,UDHAYAKUMAR.R.B,All India Anna Dravida Munnetra Kazhagam,16179,20/26,Result in Progress
THIRUMAYAM,181,REGUPATHY.S,Dravida Munnetra Kazhagam,VAIRAMUTHU.PK,All India Anna Dravida Munnetra Kazhagam,547,10/22,Result in Progress
THIRUPARANKUNDRAM,195,NIRMALKUMAR. R.,Tamilaga Vettri Kazhagam,KIRUTHIGA THANGAPANDI,Dravida Munnetra Kazhagam,17607,13/26,Result in Progress
THIRUPORUR,33,B.VIJAYARAJ,Tamilaga Vettri Kazhagam,R. PANNEERDOSS,Viduthalai Chiruthaigal Katchi,27550,15/29,Result in Progress
THIRUTHURAIPOONDI,166,MARIMUTHU.K,Communist Party of India,PANDIYAN.S,Tamilaga Vettri Kazhagam,9690,18/21,Result in Progress
THIRUVAIYARU,173,DURAI. CHANDRASEKARAN,Dravida Munnetra Kazhagam,MATHI. MANIKANDAN,Tamilaga Vettri Kazhagam,7803,13/25,Result in Progress
THIRUVALLUR,4,DR. T. ARUNKUMAR,Tamilaga Vettri Kazhagam,V.G. RAAJENDRAN,Dravida Munnetra Kazhagam,15578,17/24,Result in Progress
THIRUVARUR,168,KALAIVANAN POONDI K,Dravida Munnetra Kazhagam,VEERAMANI V,Tamilaga Vettri Kazhagam,17876,23/24,Result in Progress
THIRUVERUMBUR,142,VIJAYAKUMAR (A) NAVALPATTU S. VIJI,Tamilaga Vettri Kazhagam,ANBIL MAHESH POYYAMOZHI,Dravida Munnetra Kazhagam,2886,11/23,Result in Progress
THIRUVIDAIMARUDUR,170,GOVI.CHEZHIAAN,Dravida Munnetra Kazhagam,S.PRABAKARAN,Tamilaga Vettri Kazhagam,9876,16/24,Result in Progress
THIRUVOTTIYUR,10,SENTHIL KUMAR. N,Tamilaga Vettri Kazhagam,SUNDARARAJ. L,Communist Party of India (Marxist),41496,18/25,Result in Progress
THIYAGARAYANAGAR,24,ANAND N,Tamilaga Vettri Kazhagam,RAJA ANBAZHAGAN,Dravida Munnetra Kazhagam,12949,15/18,Result in Progress
THONDAMUTHUR,119,S.P.VELUMANI,All India Anna Dravida Munnetra Kazhagam,SATHISH RAJU (ALIAS) K.P.R. SATHISH,Tamilaga Vettri Kazhagam,10598,15/27,Result in Progress
THOOTHUKKUDI,214,SRINATH,Tamilaga Vettri Kazhagam,P. GEETHA JEEVAN,Dravida Munnetra Kazhagam,29857,19/26,Result in Progress
THOUSAND LIGHTS,20,PRABHAKAR.J.C.D,Tamilaga Vettri Kazhagam,EZHILAN NAGANATHAN,Dravida Munnetra Kazhagam,9024,12/18,Result in Progress
THURAIYUR,146,RAVISANKAR.M,Tamilaga Vettri Kazhagam,E.SAROJA,All India Anna Dravida Munnetra Kazhagam,7310,16/22,Result in Progress
TINDIVANAM,72,VANNI ARASU,Viduthalai Chiruthaigal Katchi,ARJUNAN. P,All India Anna Dravida Munnetra Kazhagam,1947,13/22,Result in Progress
TIRUCHENDUR,215,ANITHA R. RADHAKRISHNAN,Dravida Munnetra Kazhagam,J. MURUGAN,Tamilaga Vettri Kazhagam,5601,18/22,Result in Progress
TIRUCHENGODU,96,ARUNRAJ K G,Tamilaga Vettri Kazhagam,SRMT SEKAR (A) CHANDRASEKAR R,All India Anna Dravida Munnetra Kazhagam,9128,11/21,Result in Progress
TIRUCHIRAPPALLI (EAST),141,C. JOSEPH VIJAY,Tamilaga Vettri Kazhagam,S. INIGO IRUDAYARAJ,Dravida Munnetra Kazhagam,13879,11/22,Result in Progress
TIRUCHIRAPPALLI (WEST),140,K.N.NEHRU,Dravida Munnetra Kazhagam,G.RAMAMOORTHI,Tamilaga Vettri Kazhagam,4883,22/24,Result in Progress
TIRUCHULI,208,THANGAM THENARASU,Dravida Munnetra Kazhagam,SAMAYAN.S,Tamilaga Vettri Kazhagam,4243,10/21,Result in Progress
TIRUKKOYILUR,76,VIJAY R BARANIBALAAJI,Tamilaga Vettri Kazhagam,PALANISAMY S,All India Anna Dravida Munnetra Kazhagam,1703,15/24,Result in Progress
TIRUNELVELI,224,MURUGHAN.R.S.,Tamilaga Vettri Kazhagam,SUBRAMANIAN.S,Dravida Munnetra Kazhagam,9959,26/28,Result in Progress
TIRUPPATTUR,50,DR.THIRUPATHI. N,Tamilaga Vettri Kazhagam,NALLATHAMBI. A,Dravida Munnetra Kazhagam,21129,11/22,Result in Progress
TIRUPPATTUR,185,PERIAKARUPPAN. KR,Dravida Munnetra Kazhagam,SEENIVASA SETHUPATHY. R,Tamilaga Vettri Kazhagam,4109,13/27,Result in Progress
TIRUPPUR (NORTH),113,V.SATHYABAMA,Tamilaga Vettri Kazhagam,M.S.M.ANANDAN,All India Anna Dravida Munnetra Kazhagam,39813,16/32,Result in Progress
TIRUPPUR (SOUTH),114,BALAMURUGAN. S,Tamilaga Vettri Kazhagam,DINESHKUMAR. N,Dravida Munnetra Kazhagam,9409,12/21,Result in Progress
TIRUTTANI,3,G.HARI,All India Anna Dravida Munnetra Kazhagam,M.SATHYA KUMAR,Tamilaga Vettri Kazhagam,7682,13/25,Result in Progress
TIRUVADANAI,210,RAJEEV,Tamilaga Vettri Kazhagam,RM. KARUMANICKAM,Indian National Congress,1875,21/27,Result in Progress
TIRUVANNAMALAI,63,VELU. E.V,Dravida Munnetra Kazhagam,ARUL ARUMUGAM,Tamilaga Vettri Kazhagam,291,11/23,Result in Progress
TITTAKUDI,151,GANESAN C.V,Dravida Munnetra Kazhagam,RAJASEKAR A,Tamilaga Vettri Kazhagam,530,12/20,Result in Progress
UDHAGAMANDALAM,108,BHOJARAJAN.M,Bharatiya Janata Party,IBRAHIM.R,Tamilaga Vettri Kazhagam,1231,19/21,Result in Progress
UDUMALAIPETTAI,125,RADHAKRISHNAN K.,All India Anna Dravida Munnetra Kazhagam,JAYAKUMAR M.,Dravida Munnetra Kazhagam,1602,19/22,Result in Progress
ULUNDURPETTAI,77,VASANTHAVEL G R,Dravida Munnetra Kazhagam,KUMARAGURU R,All India Anna Dravida Munnetra Kazhagam,644,15/27,Result in Progress
USILAMPATTI,197,VIJAY. M,Tamilaga Vettri Kazhagam,MAHENDRAN. I,All India Anna Dravida Munnetra Kazhagam,1858,12/25,Result in Progress
UTHANGARAI,51,N ELAIYARAJA,Tamilaga Vettri Kazhagam,T M TAMILSELVAM,All India Anna Dravida Munnetra Kazhagam,4604,21/23,Result in Progress
UTHIRAMERUR,36,MUNIRATHINAM.J,Tamilaga Vettri Kazhagam,SUNDAR.K,Dravida Munnetra Kazhagam,14118,18/23,Result in Progress
VALPARAI,124,KUTTY (ALIAS) SUDHAKAR. A,Dravida Munnetra Kazhagam,DR. SRIDHARAN. A,Tamilaga Vettri Kazhagam,9371,19/19,Result Declared
VANDAVASI,69,AMBETHKUMAR. S,Dravida Munnetra Kazhagam,RANI. P,All India Anna Dravida Munnetra Kazhagam,3346,16/21,Result in Progress
VANIYAMBADI,47,SYED FAROOQ BASHA SSB,Indian Union Muslim League,SYED BHURHANUDEEN,Tamilaga Vettri Kazhagam,2572,23/24,Result in Progress
VANUR,73,GOWTHAM D,Dravida Munnetra Kazhagam,SURESH P,Tamilaga Vettri Kazhagam,3884,15/22,Result in Progress
VASUDEVANALLUR,220,E. RAJA,Dravida Munnetra Kazhagam,ANANTHAN AYYASAMY,Bharatiya Janata Party,6449,16/23,Result in Progress
VEDARANYAM,165,MANIAN. O.S,All India Anna Dravida Munnetra Kazhagam,PUGAZHENDI. M,Dravida Munnetra Kazhagam,5884,13/18,Result in Progress
VEDASANDUR,133,SAMINATHAN. T,Dravida Munnetra Kazhagam,PARAMASIVAM. V.P.B.,All India Anna Dravida Munnetra Kazhagam,6926,16/24,Result in Progress
VEERAPANDI,91,PALANIVEL. M.S,Tamilaga Vettri Kazhagam,SRI BALAJI SUGUMAR. S,All India Anna Dravida Munnetra Kazhagam,3899,15/23,Result in Progress
VELACHERY,26,KUMAR. R,Tamilaga Vettri Kazhagam,ASHOK. M.K,All India Anna Dravida Munnetra Kazhagam,27350,18/23,Result in Progress
VELLORE,43,M.M.VINOTH KANNAN,Tamilaga Vettri Kazhagam,P.KARTHIKEYAN,Dravida Munnetra Kazhagam,3229,16/20,Result in Progress
VEPPANAHALLI,54,SRINIVASAN.P.S,Dravida Munnetra Kazhagam,MUNUSAMY.K.P,All India Anna Dravida Munnetra Kazhagam,333,19/25,Result in Progress
VIKRAVANDI,75,SIVAKUMAR C,Pattali Makkal Katchi,VIJAI VADIVEL A,Tamilaga Vettri Kazhagam,730,10/23,Result in Progress
VILATHIKULAM,213,MARKANDAYAN G V,Dravida Munnetra Kazhagam,R. SATHYA,All India Anna Dravida Munnetra Kazhagam,7697,18/20,Result in Progress
VILAVANCODE,233,PRAVEEN T.T,Indian National Congress,MICHAEL KUMAR K,Tamilaga Vettri Kazhagam,16292,15/22,Result in Progress
VILLIVAKKAM,14,AADHAV ARJUNA,Tamilaga Vettri Kazhagam,KARTHIK MOHAN,Dravida Munnetra Kazhagam,14495,15/19,Result in Progress
VILUPPURAM,74,LAKSHMANAN R,Dravida Munnetra Kazhagam,MOHANRAJ N,Tamilaga Vettri Kazhagam,1491,18/24,Result in Progress
VIRALIMALAI,179,VIJAYABASKAR. C,All India Anna Dravida Munnetra Kazhagam,MURUGESAN. P,Tamilaga Vettri Kazhagam,40612,13/20,Result in Progress
VIRUDHUNAGAR,206,SELVAM P,Tamilaga Vettri Kazhagam,VIJAYAPRABHAKAR,Desiya Murpokku Dravida Kazhagam,4064,12/21,Result in Progress
VIRUGAMPAKKAM,22,SABARINATHAN.R,Tamilaga Vettri Kazhagam,PRABHAKARA RAJA.A.M.V,Dravida Munnetra Kazhagam,14433,13/23,Result in Progress
VRIDDHACHALAM,152,PREMALLATHA VIJAYAKANT,Desiya Murpokku Dravida Kazhagam,VIJAY.S,Tamilaga Vettri Kazhagam,3301,15/23,Result in Progress
YERCAUD,83,LAKSHMI JANARTHANAN. J,Tamilaga Vettri Kazhagam,USHARANI. P,All India Anna Dravida Munnetra Kazhagam,1480,13/24,Result in Progress
